password,label
password,0
hello123,0
password,0
hello123,0
password,0
abc,0
abc,0
abc,0
HELLO123,0
password,0
hello123,0
hello123,0
HELLO123,0
hello123,0
hello123,0
abc,0
password,0
password,0
password,0
password,0
abc,0
HELLO123,0
HELLO123,0
abc,0
hello123,0
HELLO123,0
password,0
abc,0
abc,0
abc,0
password,0
abc,0
password,0
HELLO123,0
password,0
hello123,0
abc,0
HELLO123,0
HELLO123,0
password,0
abc,0
abc,0
abc,0
hello123,0
abc,0
HELLO123,0
HELLO123,0
abc,0
hello123,0
hello123,0
hello123,0
abc,0
abc,0
hello123,0
password,0
abc,0
password,0
password,0
hello123,0
password,0
HELLO123,0
HELLO123,0
hello123,0
password,0
password,0
hello123,0
password,0
hello123,0
hello123,0
password,0
abc,0
abc,0
abc,0
hello123,0
hello123,0
abc,0
hello123,0
abc,0
HELLO123,0
HELLO123,0
hello123,0
password,0
abc,0
password,0
hello123,0
password,0
password,0
hello123,0
abc,0
password,0
abc,0
HELLO123,0
password,0
password,0
abc,0
abc,0
abc,0
HELLO123,0
hello123,0
abc,0
hello123,0
hello123,0
hello123,0
abc,0
password,0
abc,0
password,0
abc,0
password,0
hello123,0
HELLO123,0
HELLO123,0
password,0
abc,0
hello123,0
password,0
abc,0
abc,0
hello123,0
HELLO123,0
password,0
password,0
password,0
hello123,0
hello123,0
password,0
abc,0
HELLO123,0
hello123,0
hello123,0
password,0
HELLO123,0
hello123,0
hello123,0
hello123,0
HELLO123,0
HELLO123,0
hello123,0
abc,0
abc,0
HELLO123,0
HELLO123,0
HELLO123,0
HELLO123,0
abc,0
password,0
abc,0
password,0
hello123,0
hello123,0
password,0
abc,0
password,0
HELLO123,0
hello123,0
abc,0
password,0
password,0
hello123,0
password,0
HELLO123,0
abc,0
HELLO123,0
password,0
hello123,0
HELLO123,0
hello123,0
abc,0
HELLO123,0
password,0
HELLO123,0
HELLO123,0
password,0
password,0
password,0
abc,0
HELLO123,0
abc,0
abc,0
abc,0
abc,0
abc,0
password,0
hello123,0
HELLO123,0
HELLO123,0
password,0
hello123,0
hello123,0
hello123,0
hello123,0
HELLO123,0
hello123,0
abc,0
password,0
abc,0
abc,0
HELLO123,0
hello123,0
hello123,0
abc,0
abc,0
password,0
hello123,0
abc,0
hello123,0
password,0
abc,0
HELLO123,0
abc,0
abc,0
password,0
abc,0
abc,0
abc,0
HELLO123,0
HELLO123,0
abc,0
abc,0
HELLO123,0
HELLO123,0
HELLO123,0
password,0
password,0
HELLO123,0
hello123,0
hello123,0
hello123,0
hello123,0
hello123,0
abc,0
hello123,0
HELLO123,0
password,0
HELLO123,0
hello123,0
HELLO123,0
password,0
abc,0
abc,0
HELLO123,0
abc,0
hello123,0
password,0
password,0
hello123,0
HELLO123,0
abc,0
password,0
hello123,0
abc,0
abc,0
hello123,0
hello123,0
HELLO123,0
HELLO123,0
abc,0
HELLO123,0
password,0
abc,0
HELLO123,0
HELLO123,0
password,0
password,0
HELLO123,0
HELLO123,0
HELLO123,0
password,0
abc,0
HELLO123,0
password,0
password,0
hello123,0
HELLO123,0
password,0
HELLO123,0
HELLO123,0
HELLO123,0
hello123,0
abc,0
HELLO123,0
HELLO123,0
HELLO123,0
abc,0
hello123,0
password,0
password,0
HELLO123,0
password,0
password,0
hello123,0
abc,0
HELLO123,0
HELLO123,0
hello123,0
HELLO123,0
password,0
abc,0
password,0
password,0
abc,0
HELLO123,0
hello123,0
hello123,0
hello123,0
abc,0
password,0
hello123,0
password,0
hello123,0
hello123,0
HELLO123,0
password,0
abc,0
HELLO123,0
HELLO123,0
hello123,0
HELLO123,0
hello123,0
HELLO123,0
password,0
abc,0
HELLO123,0
password,0
abc,0
abc,0
abc,0
password,0
hello123,0
HELLO123,0
HELLO123,0
hello123,0
password,0
hello123,0
password,0
password,0
abc,0
abc,0
password,0
abc,0
hello123,0
password,0
hello123,0
HELLO123,0
hello123,0
HELLO123,0
HELLO123,0
hello123,0
password,0
HELLO123,0
hello123,0
hello123,0
hello123,0
password,0
password,0
hello123,0
hello123,0
abc,0
HELLO123,0
hello123,0
password,0
abc,0
password,0
password,0
HELLO123,0
abc,0
password,0
password,0
abc,0
abc,0
password,0
hello123,0
password,0
password,0
abc,0
password,0
HELLO123,0
abc,0
hello123,0
abc,0
password,0
abc,0
hello123,0
password,0
password,0
HELLO123,0
password,0
abc,0
abc,0
HELLO123,0
abc,0
HELLO123,0
password,0
hello123,0
abc,0
HELLO123,0
HELLO123,0
HELLO123,0
hello123,0
password,0
HELLO123,0
hello123,0
abc,0
HELLO123,0
password,0
password,0
password,0
abc,0
HELLO123,0
abc,0
hello123,0
HELLO123,0
password,0
HELLO123,0
HELLO123,0
abc,0
hello123,0
password,0
abc,0
hello123,0
hello123,0
abc,0
abc,0
password,0
hello123,0
hello123,0
hello123,0
password,0
abc,0
hello123,0
abc,0
hello123,0
hello123,0
password,0
hello123,0
HELLO123,0
password,0
HELLO123,0
password,0
hello123,0
hello123,0
hello123,0
HELLO123,0
HELLO123,0
password,0
password,0
hello123,0
hello123,0
abc,0
HELLO123,0
HELLO123,0
abc,0
hello123,0
password,0
password,0
HELLO123,0
hello123,0
password,0
HELLO123,0
hello123,0
HELLO123,0
HELLO123,0
abc,0
abc,0
password,0
password,0
password,0
password,0
abc,0
HELLO123,0
HELLO123,0
HELLO123,0
password,0
password,0
abc,0
abc,0
hello123,0
HELLO123,0
HELLO123,0
hello123,0
HELLO123,0
hello123,0
password,0
hello123,0
HELLO123,0
hello123,0
abc,0
abc,0
password,0
HELLO123,0
hello123,0
password,0
HELLO123,0
password,0
password,0
hello123,0
hello123,0
HELLO123,0
HELLO123,0
password,0
RVs&x2eCHzjvS@1,1
bX4u4Y!L#T,1
^9egJTk@H9E&ypB0,1
p!Sql3Ya,1
0xmVbwIaE&4,1
t!F$B$F5,1
&VD6Gh#Y5jR$t,1
&x&*3fMZjRXvt&z,1
7qiMpk2hbN*cT@HP,1
*@v7vIw3,1
7HeY2R&!Y8Hl^,1
hi2qVJ3I$Y&3h^YQ,1
VZ*oY8d$E,1
I%8&PHsql0if,1
#*c5mZzu1pU,1
2TSNet#d*MEHS,1
D!%&#YsVbfw0cUy8,1
oo4dv!8HYzPN,1
ne*9FcI3QP3,1
X^T&ItyzK9k%,1
Jr617K2@R#EeW,1
tKa^E2Ww4,1
964WaJAe1nC0@C,1
%Y6c8teGyR*tVY6k,1
VyvcKqYw21%*A,1
!eYc$2O8OTOe5H,1
iGP0E@w98fF0,1
Lt8CF&D*,1
P6PU6zY&DKbja#4,1
G*AVCrvW%73iT,1
hLpHq3$5E@v6,1
4Uf7#iQ&Rj3Z,1
Imma1On*NW,1
dcQZa45FQ^5,1
D9!p3zT$VvGvJ,1
!nVRU45F*w4,1
qvuPKs87b%,1
LBB#2#5xNHW,1
8Yq&H9duYeW*,1
Db@2vV2WTnu,1
GV%dfTFwhXO8x,1
Lx0!DbJ&0%MkqN,1
ZZqmnLV20*G,1
^rY5r9Erxd$00ddU,1
O9#t1BZzqvuR,1
gjy*OA8W7,1
4iR@a3Vn6S2Y,1
VQSI#At!a6GwG,1
l7idwg%teN8ae,1
HJ2p3pbHFD$v5ogY,1
D@Ge@1In97FS,1
yz*%sx4O9UVOKl!,1
ohe#nG5!I@,1
3#nF4Ky@6Nc^CbQ,1
PrlsP^Re6,1
MJM83mx@,1
V^Lcul9n%,1
7Iq!x!D3qjpG&@oD,1
eUXx5NV!2,1
^ZNzSWZ8,1
q6I&74WnF,1
X9c$NtC0iksD,1
MJ0Xg*0u,1
HfAWF7P6Z@5r,1
8mk3CWf$ME3$Fod*,1
GN9X@mdUg%QBeF,1
@DLKX6CmofO,1
%l0SA7zFBi3QAf1,1
pE0ezhS7^obtFYp^,1
Ch9Ni3rd5trC#,1
Qk!l%WcIx2NA,1
KO6fLGP2!urOv,1
vl^Iu0yWIU,1
h2*@IOEr#r!es0,1
I&Z6hvJ!j,1
#wEj$xPDVG3!oO,1
Ar$vTt#3#TvNSY,1
l9x3sH*Y*!,1
k%SEgues^9xj7W,1
eGA^e6G9,1
0Uj25@4N*z#FKtS,1
#1#1Tdb3k,1
$C4UG2E1f,1
Dx6Jo08E48i1U@,1
%tYSpO8!OL,1
p6ePJJ&5,1
V6fNBvFd!y5&,1
^o!5XvHY5,1
*nBt9R#y,1
EkW6tP2tCn^9A5^R,1
2jJsJ5fMa9#@Vl,1
7bX32S4%PQ#z,1
M7WYHuUyepI$,1
D$qBsh^bE5L8bWnB,1
1Z#mSOj7lXn,1
0ZaDUKR^q*MfK#,1
GLGEeFK8#4^s,1
o&JAQA0DM2F@,1
V@V40oGd^D,1
7Y5HgeLA2P9iT7Y@,1
qrEGN!OD3%aYfQTO,1
5r&f0S8lxv,1
joec^k0k@40VT,1
Sud!9p^6v,1
YWsy^b1^wMT&M6,1
0Mi#PwNH@J,1
@Bo5Bu22tQO*i,1
jr$NT4jInWJ^,1
IIncKVL$R2q0@JJ,1
N&Q&MRiZ5v5Ny,1
u&eqr7zU6^ax4,1
w*7c9mPIboHNRD,1
fhBhJJhm#3,1
dE5!jY6bm!oDztwA,1
vr%gqr#ugu!g6xXZ,1
3%GP&0IEk%,1
Eg!n03bs^CT^VX,1
09^&EyWN2ji,1
eHr#kf2S$,1
jWEIrnh7^sEJ,1
n2#AP3L!,1
hGgctvCT074d^uI,1
y773gysF!ZOPC8Ik,1
^SH6U39b,1
!mjfM7wUZ0l,1
G&SOkVZ62z,1
GHME!L7^cu,1
d&A776IJCmq9,1
jtTR$5Vw2l*vKyH,1
5E7lgE!l^&,1
TDLFDDFb!y9Q,1
%44ZK79aKJ,1
AxdE^5u&,1
Sj2#RFV%t^ODf@M2,1
EAR2u12!f,1
3L9qu6@dMHw,1
CrZepLG*$09T,1
@JIcAb4^m&2xV,1
X9x$Nwp3gX,1
J^LEZufjGqx@8,1
zLBCuKrtb&1g!sX,1
1krVA%jT75aX,1
BH$iT9drHV,1
5M8o12K^0M,1
sbt5^F5A,1
7VY@9nQ36@ME!gm,1
HGZvUQJqp4*h&7Dc,1
B3l@8!4U,1
M4Z*L^ee,1
qBht4N##,1
W$UpR1Frf@3,1
@4zR*ul9UUmX$Yt,1
9PnB#p&ibqiV,1
*z9tdACa%9P!N!ef,1
UcVOoz#0I2k,1
5ayysY*b,1
4jNdCA*P&,1
%57m%Ev*FI0K,1
GoNdmT!2^PMHT3L,1
h6Z66BB4C^F@@,1
1xHlqMzZ@zC,1
6#zVaovg8b6D4V*o,1
XiL4A5O&j,1
!faWLPq26!,1
i2ua^J%58fF3n97,1
@L&gi9dCf74DlSq,1
Glll9*oz#*NCeY,1
JO^dj80V4,1
q^6J4x^hW$xKYm,1
S%6p1uF%T*&Q,1
R^W#rC8#4xrqL,1
tZ*OYy873s@Y1,1
E5b%V9FO5I7rG,1
eK8uQtho6#!^@z#z,1
T%foFm7lbRV9f,1
#C*Um94@Yhee^f2,1
Wu#nC2^vz6sL,1
Qw#J7@nOPEC7j$n,1
dTjNt%g&2!,1
1*rPLQfoJ*@O@,1
yn#M20^Wz,1
9$0yR5$rfj,1
!Fg^z$r0E9T9Mt1,1
V4l@*B!vae,1
LbBE#2VpN0,1
KXjCwE1*,1
yV$6Ptedv,1
Qdk$1@8@sBF^Nk5D,1
^&Be@3k5s,1
f638Jzj&c62M9IeP,1
cZv&$xTMZ%0,1
hpdW34^K,1
bH^%8C%X,1
1#1Z6Gs2%n&Ca,1
hJc@*kVg5yyyL%z,1
SJnqjeZ@kT7KY,1
@M3h$Jc!,1
6^6!VC4M!3Rv,1
ituP&ji6O,1
okcU$Ek5P^,1
%If3R6t8D*yn1w,1
$&0Py7W3jBiSLq^,1
S2Q9FBi@,1
kw!81ZHW%,1
0gGv%0SK@8,1
HfoqPDU*k^0,1
7s#E0XWpH18R8mg,1
g5G7Unp$6,1
a%Rm7zZt,1
yd%sx9VMq*7v,1
8#w%Ig$erNp$gKZ,1
SEA0^rcb9,1
#R!^nshwA%e9S,1
*&S%I9UOGnUjw,1
dOW#!g08$,1
b*hr4nUuqZq!z,1
*QBzI373,1
iCR8D75GA@R,1
603aUr@3Oi8x&aP,1
5@eeqifJl#6A2ZCI,1
wkGvR4nBG$,1
L35g^qoo,1
T1LRW5!F#fn,1
miA%$9ic3,1
6%zDfg7F$adxFK,1
tXYl9Vf$w!Gmj3,1
Cp5UvSItt^VM,1
yEqyl71#d!1fZF,1
U^U945gzu9f8L8va,1
aZ$c4i!9u4P$Txcj,1
3tIcQ&n#xcdqw!HH,1
W2CK#q$A,1
cR@2P2S$SOSmT,1
@YbjX#d8Wo,1
j9&*ZD^AVH5Zjf,1
bd3n!&J5Xa6,1
!K4JY45Oq,1
fE3vs$RW,1
X5*s*v8AUqJ!a,1
z#Os$t5R,1
mZ91t2nM%,1
qTHw3Q67zMQhx*d,1
fq3afp!U1uJp4,1
aUBHN$qL8sQo,1
AsPDL@s1,1
zZE$80bv$,1
*MqWo$q7Lo#3qQ,1
6vWcbi*Y,1
Q*eTiwt6oryOW%S#,1
gXQL^fQNO2,1
l1wX6&Nt,1
4pU7c2x7J0*i4S,1
@CfsT3CrS@y,1
Ni&@NlnaN8,1
YWdx2v8P@z1bgcY,1
@YX!c1wt03,1
rQ&&PtmpLJ6Z!s1,1
NzRZ&z4%DD,1
nW8y@&b9rAT,1
eWzs#0NY,1
7SxD4hxCnR0#p,1
h#3b&dgDveds*Q,1
#z1I0t@^W^tV120,1
@^T2bdpvnA,1
468&wf0xVY,1
v@uS@cMh!n9uEkqY,1
O@L^XNT72D2r,1
c4^TCwg$zG5%,1
c7&&yynHow$RLI7y,1
uOK&h0%vNc@6n,1
O&fsg&YNX3XVg,1
c$ZWQNP8J@3m,1
9Co#2zUvvu,1
Bs9V5X%NSHEta,1
*O0W8Lxh#i,1
8X!36jBU,1
$&A2J$wSV2T,1
AQXDnm%pRvME3z17,1
hPvmPO&0,1
eCd8KY*KEi,1
15L5PcH^RyU,1
dW2za!vMrZ7d%xZP,1
^cQEYzplX7%HfLXw,1
@r2A&TQ@V2p,1
VgY#C766QMMoOg4t,1
&u5ygJe9jXH&,1
#gIVZ31Fh1,1
lI#35@f^tj9SGB,1
W8Q@ntuAa,1
l@OS!#jvx0jqCJB,1
G8VU%!7blnAIFeI,1
0tt@^A@pm6c5,1
E@GX6u$T6a6fS,1
uTx4H6oqI!,1
HXqmp!UZRxAiO7,1
#WZ12HfEaExBq%Oi,1
Jl5RdAM&*I,1
r9oiGeAY9k&#L,1
X1MDwrQ$fF,1
%3q#Ow0#rr*d,1
Kbim$H1RIXYpe,1
p7MquDL@12Tp,1
z@CnIC!Ms&F$19,1
7LOcKpD2pi*m,1
QBqq5Q6PTY$K0d,1
8VHN8#q%1!a%M*bB,1
#F7%eZ@h8A2T,1
9%Zyrb&T2,1
^n7FI%a!,1
^apeHAf$U56i%r,1
Cf9TIKoiWJ*gMH,1
XFZZ3C@*PR7Qku$,1
k&YKKe9BFcx9,1
wcyV7hjV%2,1
fs!lGYBA&2z*3Rl,1
T9y6KC^Q,1
v#Ikt4wv,1
M5SBqER&7%,1
r9%*sHjPO5YH,1
z@E34sq5,1
$QO5kmr3x2DmC,1
seX&K4Plm92sBot,1
6h1bVdVdV&aB9,1
VKw1I4@wBk9Nq,1
$sXl5lPg,1
Ip1wmO@KBMts,1
XKEIV27%wj0,1
weI8s$*u,1
b9c*d5$rWE8MVO,1
kSQvAF1kw$,1
iVJ#uS0g,1
Uc!1IC7%,1
@7U54*mL*$,1
uk0m%X%&Lv#CLieW,1
24HqXcn$x7,1
2WA$M3i!C9rKwc,1
ZSR$49@kj7*Cr,1
b*jF8c@rb,1
FJd^W67HdK&dTi#t,1
0H5%NxlZ,1
3u0^1DWPd,1
!f*7rH%l,1
Zp@!x61fY,1
$iSm$km90KxdwMLv,1
e$TZdPQ6NjCxKG,1
6^ZiHh@#KCV0Al2&,1
C4Yh!tF%j*0,1
ciwG5D9^pDs,1
yG*FL60b24,1
eH1gWuM$C1c*$7TN,1
%*y0vTnEWh0bR,1
!CoSIB0P9BK%,1
bXZ$KBK7z5,1
YSl!G$3O3BjUN8R%,1
J4U^x2ab7c,1
PK^b@vHZbkU4,1
!PfcH84B1qP9*qH,1
Zd6s3p2&4H,1
E@7zom3hpAzZ7V,1
ThgBnj%X!y48j&o7,1
zfi4n@$O3B,1
8Zt&e40M$6,1
VW^PTJF5opLIuol,1
*WcRk3$2I,1
5xv#k@TL,1
JnEqdaJ^3g,1
IeZXsNsOcyW@5i,1
%WD7uClx,1
CWkhLH^0o,1
T3m&I61C^AFu,1
nlU9HY*&q74o,1
hYEw9A!U@U,1
U&eRMiVc9,1
W8Dhzm*85#$,1
hP1o$W3!$qu2,1
BdTM6ciqWi9^Em3,1
glRgTg^DY1,1
FP*xuq7DCqb#0Le,1
EZN81g8N%@ok&,1
!47BaoDVvemyD0,1
Uy!B%H6^!qh,1
0ntaB2yo$Bw,1
LyZ3tC^lO74d3g7s,1
bP20@xW922orz2O,1
%12GaTzcXjV08mo,1
wz7GxlIpO9p^s@,1
$YqhppZR$x*9mZG,1
Ge&@t4elycT,1
P%a9YoY%6f,1
1CURVd%W7jiA,1
SPCypd%eU7wp!M,1
ac7v0rX9@0,1
BT$7!HT!cXy7,1
I2&&^nG4HdFXGxq4,1
V3Gb&$R&diV$d&d,1
BUfa3gO!$VbC4xof,1
4*%bvFpRV,1
y*AIme3*u&7f^0,1
OrK0@*pQz2Umc,1
dMX%V%@2E3gP4,1
GWa^K2wz@J5@37,1
9Yh4@K*&UWZUB,1
bW9Bq$Bo,1
P*C3@lW%tB1Ib4y,1
8ln!V8ANfr38j,1
pU1aW9j&1J7,1
Ph$zUL^5vmiPx3,1
7l$oY6JjSHU,1
AMLqJakO9w9#j7FB,1
sWmH&P7K$xc1Gg$,1
&h8Lc52lQTgij#3,1
gb4Lwoe#0#J,1
Qlb#8GA*,1
WXyyQyns%8d6E,1
z*dSOVD$e8*Xqt,1
KgKU7YyutjW&be,1
iuG1zFk*,1
%29ptv%aV,1
7&PE8bGfNxPsfys,1
*#U5ZF1Qj#nz&PZ,1
TQk!cNf#8IkMU,1
00GF*G&mZeO6,1
uh3JLHh3%OR5,1
Zab88A@Ni%t!YWzm,1
V!nm4^kx#A9SWm2,1
m!Z0EZzYyeQ2B,1
3RyOSyIn%q,1
bNr3f5FZ$$,1
G&dqW71p,1
!II$18Y0x@dck&#,1
At^BNri%8,1
y7Z!M4lmV,1
JQ$&98$z0pVc!Kt,1
1@FC6Dw2,1
J9O22wy^ppt*,1
djD4P8&ZSKub5I,1
Kp&9vmpoIxF4bkd,1
gJRB5jd^I&VuN,1
#8UVuoi!c,1
sR3QR8NEa4tD%1Cm,1
*mmedYbLckg20$,1
PlI6W@6ajth^czR,1
2lyd3Lv!XX2,1
Fy@XbDhJX7gK,1
bEL6J#i^UbhC,1
MEt5Fgwf!5,1
PFU$rVjPTqd*29M,1
eMI33xo^A,1
$VsKcqm2s2*N&&M$,1
r8Xj#yUKL9^OKF,1
wOJs9U*8S@J,1
tKXsTPIE!dJ0Ya,1
PHw71kyf&,1
B#6ki0qGnD,1
tZQ5^u5LPwZd&w,1
&W^4!A%XF$hkJzd,1
BE!nIe9*,1
OxY$JS$tJX@g84Ju,1
4VDVE&byGQ4fyF,1
x44AAS7H*QfZH,1
A7Jh7Vevmaw%Idj,1
W6pbiJ!*YoAL,1
yr9Bc$sZC*GhL!,1
6!aSMM10juUKRA,1
ITb!LHJ$S2U,1
WYsQ^!gDN5fu,1
8yMs0@HcJ,1
vM1Aa34LU$fxB,1
$e6j1XKk,1
*Xo6m*3FaceG1,1
48q!ei5Q#QN#ykz,1
Q2kyU^L2zDCRhz,1
mC6O&h1ph,1
@yl6QHsAs,1
%TDpo9mK,1
#*NkFOJ51E1%r,1
CMQoDZ&7,1
MjE##vK5wcR,1
8%FM!UAIYDr,1
x%oTsIeiId7,1
3jIPt8Y$,1
ekisWK3W^me9%,1
cA7l6kbfg$enMn,1
u^9D!C$#50BjU$,1
NNZw4GFi*,1
MJ3h#TKqm&X2,1
kHURmb!3V9$mEG,1
k@ybl*18Zr7DW,1
bvTK$rj5E,1
KJ5ppsi^,1
0KtlXumfB%S22%,1
enqN2Wh6X#5FiL^,1
w3292FUyW#i&zUb,1
0#v!$D32YvcsI,1
f@NuhqhyS0d2Nu,1
9EpG#qg*Lm,1
7I^@USfi0,1
J3&^ag4%Hfg1,1
i4ygTUjhI^,1
^^hL6AJ&V,1
